userId,movieId,tag,timestamp
1,1,funny,1445714994
2,2,Highly quotable,1445714996
3,3,will ferrell,1445714992
4,4,Boxing story,1445715207
5,5,MMA,1445715200
1,6,Tom Hardy,1445715205
2,7,drugs,1445715054
3,8,Leonardo DiCaprio,1445715051
4,9,Martin Scorsese,1445715056
5,10,way too long,1169687325
2,1,Al Pacino,1462138765
3,2,gangster,1462138749
4,3,mafia,1462138755
5,4,Al Pacino,1461699306
1,5,Mafia,1461699303
2,6,holocaust,1455735472
3,7,true story,1455735479
4,8,twist ending,1456948283
5,9,Anthony Hopkins,1457650696
1,10,courtroom drama,1457650711
3,1,twist ending,1457650682
4,2,britpop,1457444500
5,3,indie record label,1457444592
2,4,music,1457444609
1,5,dumpster diving,1455060381
3,6,Sustainability,1455060452
4,7,romantic comedy,1419805413
5,8,wedding,1419805419
1,9,painter,1419805477
2,10,bloody,1419793962
